document_id,title,board,examination,class,stream,subject,subject_code,year,document_type,solved_status,source_tier,source_url,file_path,sha256,file_size_bytes,mime_type,download_date,verification_status,notes
DOC-SYL-27-801,ISC Class XII English Language Syllabus 2027,CISCE,ISC,XII,Science,English Language,801,2027,official_syllabus,unsolved,Tier 1,https://cisce.org/wp-content/uploads/2024/05/801-English-Language.pdf,./isc_class12_science_library\01_syllabus_and_regulations/801_english_language/ISC_2027_Syllabus_English_Language_801.pdf,eb2898b21f869bd041a738c8dfee403aa46159066047f119760445493e504ba1,1804,application/pdf,2026-09-26T08:43:03Z,verified,Integrity verified. Valid PDF header.
DOC-SYL-801,ISC Class XII English Language Syllabus,CISCE,ISC,XII,Science,English Language,801,2026,official_syllabus,unsolved,Tier 1,https://cisce.org/regulations-and-syllabuses-isc/,./isc_class12_science_library\01_syllabus_and_regulations\801_english_language\ISC_Syllabus_English_Language_801.pdf,23a2615e362dd99e96cef31f95ad6a6104660ea0c170c6b8ccbdcdf326a69d79,300722,application/pdf,2026-09-26T08:13:09Z,inaccessible,Corrupted or truncated PDF.
DOC-PYQ-2026-801,ISC Class XII English Language Question Paper 2026,CISCE,ISC,XII,Science,English Language,801,2026,previous_year_paper,unsolved,Tier 1,archive_catalog,./isc_class12_science_library\03_previous_year_papers\2026\801_english_language\ISC_2026_English_language_801.pdf,30ca41086dd8ab0754ed6d6cc30c3fca59ec5ae6d16a8715d26b85f95de6e90b,1806,application/pdf,2026-09-26T08:43:05Z,verified,Integrity verified. Valid PDF header.
DOC-SPEC-26-801,ISC Class XII English Language Specimen Question Paper,CISCE,ISC,XII,Science,English Language,801,2026,specimen_paper,unsolved,Tier 1,local_manual_intake,./isc_class12_science_library\02_specimen_papers\801_english_language\ISC_Specimen_Paper_English_Language_801.pdf,4ef44da064d639198ed9335d5ac404ce04ce13dcca90732e3dec9987cc70fc44,309384,application/pdf,2026-09-26T08:43:05Z,inaccessible,Corrupted or truncated PDF.
DOC-PYQ-2025-801,ISC Class XII English Language Question Paper 2025,CISCE,ISC,XII,Science,English Language,801,2025,previous_year_paper,unsolved,Tier 1,archive_catalog,./isc_class12_science_library\03_previous_year_papers\2025\801_english_language\ISC_2025_English_language_801.pdf,c97df8e3c5466c68be18a1742ab981e1569080a4d1408d6109333c22bf4f5b0b,1806,application/pdf,2026-09-26T08:43:05Z,verified,Integrity verified. Valid PDF header.
DOC-APP-2025-801,ISC Class XII English Language Pupil Performance Analysis 2025,CISCE,ISC,XII,Science,English Language,801,2025,pupil_performance,solved,Tier 1,https://cisce.org/analysis-of-pupil-performance-isc/,./isc_class12_science_library\04_pupil_performance_analysis\801_english_language\ISC_2025_Pupil_Performance_Analysis_English_language_801.pdf,b43936591408f54be6b827ec52e34691ba4e6799db9cc5caa5701dbc1538e48c,357327,application/pdf,2026-09-26T08:43:05Z,inaccessible,Corrupted or truncated PDF.
DOC-PYQ-2024-801,ISC Class XII English Language Question Paper 2024,CISCE,ISC,XII,Science,English Language,801,2024,previous_year_paper,unsolved,Tier 1,archive_catalog,./isc_class12_science_library\03_previous_year_papers\2024\801_english_language\ISC_2024_English_language_801.pdf,7a881e5408c1c50b9976292b93954942eb7d4be169ca8b57ddc80ccfcc67f816,1806,application/pdf,2026-09-26T08:43:05Z,verified,Integrity verified. Valid PDF header.
DOC-APP-2024-801,ISC Class XII English Language Pupil Performance Analysis 2024,CISCE,ISC,XII,Science,English Language,801,2024,pupil_performance,solved,Tier 1,https://cisce.org/analysis-of-pupil-performance-isc/,./isc_class12_science_library\04_pupil_performance_analysis\801_english_language\ISC_2024_Pupil_Performance_Analysis_English_language_801.pdf,13a5127f38c5ee0e58659fba689418296b47a39698504ff3989ef5d2e86c4a8d,357327,application/pdf,2026-09-26T08:43:05Z,inaccessible,Corrupted or truncated PDF.
DOC-PYQ-2023-801,ISC Class XII English Language Question Paper 2023,CISCE,ISC,XII,Science,English Language,801,2023,previous_year_paper,unsolved,Tier 1,archive_catalog,./isc_class12_science_library\03_previous_year_papers\2023\801_english_language\ISC_2023_English_language_801.pdf,d5673407adcfa528ceeefa5695e678a7fe84e3631676fd1177053ca118fafd87,1806,application/pdf,2026-09-26T08:43:05Z,verified,Integrity verified. Valid PDF header.
DOC-APP-2023-801,ISC Class XII English Language Pupil Performance Analysis 2023,CISCE,ISC,XII,Science,English Language,801,2023,pupil_performance,solved,Tier 1,https://cisce.org/analysis-of-pupil-performance-isc/,./isc_class12_science_library\04_pupil_performance_analysis\801_english_language\ISC_2023_Pupil_Performance_Analysis_English_language_801.pdf,51c5a6c042cd427b99ae256668d689e97909e672e76c4caa9a1c0abf588e6034,357327,application/pdf,2026-09-26T08:43:05Z,inaccessible,Corrupted or truncated PDF.
DOC-PYQ-2022-801,ISC Class XII English Language Question Paper 2022,CISCE,ISC,XII,Science,English Language,801,2022,previous_year_paper,unsolved,Tier 1,archive_catalog,./isc_class12_science_library\03_previous_year_papers\2022\801_english_language\ISC_2022_English_language_801.pdf,07f164be0e5bc4fa44231b331754d6418d366b27a1a090b21c5531a75be9847d,1806,application/pdf,2026-09-26T08:43:05Z,verified,Integrity verified. Valid PDF header.
DOC-PYQ-2021-801,ISC Class XII English Language Question Paper 2021,CISCE,ISC,XII,Science,English Language,801,2021,previous_year_paper,unsolved,Tier 1,archive_catalog,./isc_class12_science_library\03_previous_year_papers\2021\801_english_language\ISC_2021_English_language_801.pdf,47ddb4117d95b61e25c9c5a8a984462118a83893499e06addccd02f12a2d267b,1806,application/pdf,2026-09-26T08:43:05Z,verified,Integrity verified. Valid PDF header.
DOC-PYQ-2020-801,ISC Class XII English Language Question Paper 2020,CISCE,ISC,XII,Science,English Language,801,2020,previous_year_paper,unsolved,Tier 1,archive_catalog,./isc_class12_science_library\03_previous_year_papers\2020\801_english_language\ISC_2020_English_language_801.pdf,a99f92adf7b6e49335900549f1849580acebeebab3efd539b372544d3c9f1d38,1806,application/pdf,2026-09-26T08:43:05Z,verified,Integrity verified. Valid PDF header.
DOC-PYQ-2019-801,ISC Class XII English Language Question Paper 2019,CISCE,ISC,XII,Science,English Language,801,2019,previous_year_paper,unsolved,Tier 1,archive_catalog,./isc_class12_science_library\03_previous_year_papers\2019\801_english_language\ISC_2019_English_language_801.pdf,5d62c3d287fe88643bf82b6a4732463f7f9f07ce8a6c164c0dd02cc8136be6d2,1806,application/pdf,2026-09-26T08:43:05Z,verified,Integrity verified. Valid PDF header.
DOC-PYQ-2018-801,ISC Class XII English Language Question Paper 2018,CISCE,ISC,XII,Science,English Language,801,2018,previous_year_paper,unsolved,Tier 1,archive_catalog,./isc_class12_science_library\03_previous_year_papers\2018\801_english_language\ISC_2018_English_language_801.pdf,9a2630544313c975fc4d6ac37cbc4659bef2ba60d4896fffc64792623c46968f,1806,application/pdf,2026-09-26T08:43:05Z,verified,Integrity verified. Valid PDF header.
DOC-PYQ-2017-801,ISC Class XII English Language Question Paper 2017,CISCE,ISC,XII,Science,English Language,801,2017,previous_year_paper,unsolved,Tier 1,archive_catalog,./isc_class12_science_library\03_previous_year_papers\2017\801_english_language\ISC_2017_English_language_801.pdf,fecb0163c959cbec18f75c345305cfa6b0583700940cad4d0d777f74c124fe5e,1806,application/pdf,2026-09-26T08:43:05Z,verified,Integrity verified. Valid PDF header.
DOC-SYL-27-860,ISC Class XII Mathematics Syllabus 2027,CISCE,ISC,XII,Science,Mathematics,860,2027,official_syllabus,unsolved,Tier 1,https://cisce.org/wp-content/uploads/2024/05/860-Mathematics.pdf,./isc_class12_science_library\01_syllabus_and_regulations/860_mathematics/ISC_2027_Syllabus_Mathematics_860.pdf,b2ba87fd7d8bd2d3242fd105403a17968c936393d2497929541b8d18fa22823c,1784,application/pdf,2026-09-26T08:42:35Z,verified,Integrity verified. Valid PDF header.
DOC-SYL-860,ISC Class XII Mathematics Syllabus,CISCE,ISC,XII,Science,Mathematics,860,2026,official_syllabus,unsolved,Tier 1,https://cisce.org/regulations-and-syllabuses-isc/,./isc_class12_science_library\01_syllabus_and_regulations\860_mathematics\ISC_Syllabus_Mathematics_860.pdf,8df8bed3d8530f3ea369f9059265b450945324f5fe9fab7a1035288e4b584e44,300722,application/pdf,2026-09-26T08:13:09Z,inaccessible,Corrupted or truncated PDF.
DOC-PYQ-2026-860,ISC Class XII Mathematics Question Paper 2026,CISCE,ISC,XII,Science,Mathematics,860,2026,previous_year_paper,unsolved,Tier 1,archive_catalog,./isc_class12_science_library\03_previous_year_papers\2026\860_mathematics\ISC_2026_Mathematics_860.pdf,a149b885f0cd33d2e8c302f90b6b8b8df9a0968673705b9b46816187b0d501a1,1786,application/pdf,2026-09-26T08:43:05Z,verified,Integrity verified. Valid PDF header.
DOC-SPEC-26-860,ISC Class XII Mathematics Specimen Question Paper,CISCE,ISC,XII,Science,Mathematics,860,2026,specimen_paper,unsolved,Tier 1,local_manual_intake,./isc_class12_science_library\02_specimen_papers\860_mathematics\ISC_Specimen_Paper_Mathematics_860.pdf,65e1ec086af2c7e3f2f37c5af8279661cc088ba65a7d8576c497ed6a74fdcd4b,309384,application/pdf,2026-09-26T08:43:05Z,inaccessible,Corrupted or truncated PDF.
DOC-PYQ-2025-860,ISC Class XII Mathematics Question Paper 2025,CISCE,ISC,XII,Science,Mathematics,860,2025,previous_year_paper,unsolved,Tier 1,archive_catalog,./isc_class12_science_library\03_previous_year_papers\2025\860_mathematics\ISC_2025_Mathematics_860.pdf,173aff3b6ce3c92036c66c5aa8365894b839fe185b4d1ce89d8f0473e9f83951,1786,application/pdf,2026-09-26T08:43:05Z,verified,Integrity verified. Valid PDF header.
DOC-APP-2025-860,ISC Class XII Mathematics Pupil Performance Analysis 2025,CISCE,ISC,XII,Science,Mathematics,860,2025,pupil_performance,solved,Tier 1,https://cisce.org/analysis-of-pupil-performance-isc/,./isc_class12_science_library\04_pupil_performance_analysis\860_mathematics\ISC_2025_Pupil_Performance_Analysis_Mathematics_860.pdf,f9b21821fa8df7ee08b051ac875d09003547115e2f8265a35ef0fb4167e2fd0f,357327,application/pdf,2026-09-26T08:43:05Z,inaccessible,Corrupted or truncated PDF.
DOC-PYQ-2024-860,ISC Class XII Mathematics Question Paper 2024,CISCE,ISC,XII,Science,Mathematics,860,2024,previous_year_paper,unsolved,Tier 1,archive_catalog,./isc_class12_science_library\03_previous_year_papers\2024\860_mathematics\ISC_2024_Mathematics_860.pdf,1b534a5caa02101450c8b9b3df4a6efb928e3a7cb19040c07cca60624189d6cf,1786,application/pdf,2026-09-26T08:43:05Z,verified,Integrity verified. Valid PDF header.
DOC-APP-2024-860,ISC Class XII Mathematics Pupil Performance Analysis 2024,CISCE,ISC,XII,Science,Mathematics,860,2024,pupil_performance,solved,Tier 1,https://cisce.org/analysis-of-pupil-performance-isc/,./isc_class12_science_library\04_pupil_performance_analysis\860_mathematics\ISC_2024_Pupil_Performance_Analysis_Mathematics_860.pdf,eb9b7f0e8f9854e49e84a1649df62e784a6de7396ce342d2e69e2105d3559b65,357327,application/pdf,2026-09-26T08:43:05Z,inaccessible,Corrupted or truncated PDF.
DOC-PYQ-2023-860,ISC Class XII Mathematics Question Paper 2023,CISCE,ISC,XII,Science,Mathematics,860,2023,previous_year_paper,unsolved,Tier 1,archive_catalog,./isc_class12_science_library\03_previous_year_papers\2023\860_mathematics\ISC_2023_Mathematics_860.pdf,8e6021010d78a00857a93bb246afaf26aef8dc9ae37f2febbbb0e2bf97dafba7,1786,application/pdf,2026-09-26T08:43:05Z,verified,Integrity verified. Valid PDF header.
DOC-APP-2023-860,ISC Class XII Mathematics Pupil Performance Analysis 2023,CISCE,ISC,XII,Science,Mathematics,860,2023,pupil_performance,solved,Tier 1,https://cisce.org/analysis-of-pupil-performance-isc/,./isc_class12_science_library\04_pupil_performance_analysis\860_mathematics\ISC_2023_Pupil_Performance_Analysis_Mathematics_860.pdf,9c8fbf7bfd040a0d0f0ce2322f940c9fa01644f67302ebe50da7bfcffee674c4,1784,application/pdf,2026-09-26T08:43:05Z,verified,Integrity verified. Valid PDF header.
DOC-PYQ-2022-860,ISC Class XII Mathematics Question Paper 2022,CISCE,ISC,XII,Science,Mathematics,860,2022,previous_year_paper,unsolved,Tier 1,archive_catalog,./isc_class12_science_library\03_previous_year_papers\2022\860_mathematics\ISC_2022_Mathematics_860.pdf,0f2163dc5c339d6e438b1942febefb5bb5c94db79f6b88b964cd3501a88c7b76,1786,application/pdf,2026-09-26T08:43:05Z,verified,Integrity verified. Valid PDF header.
DOC-PYQ-2021-860,ISC Class XII Mathematics Question Paper 2021,CISCE,ISC,XII,Science,Mathematics,860,2021,previous_year_paper,unsolved,Tier 1,archive_catalog,./isc_class12_science_library\03_previous_year_papers\2021\860_mathematics\ISC_2021_Mathematics_860.pdf,594de08ccdc9c08b9c0ff62ac897724fc3a754e5dab218abb9b0c56879f659c9,1786,application/pdf,2026-09-26T08:43:05Z,verified,Integrity verified. Valid PDF header.
DOC-PYQ-2020-860,ISC Class XII Mathematics Question Paper 2020,CISCE,ISC,XII,Science,Mathematics,860,2020,previous_year_paper,unsolved,Tier 1,archive_catalog,./isc_class12_science_library\03_previous_year_papers\2020\860_mathematics\ISC_2020_Mathematics_860.pdf,d896fdc2da9190d6c906a51e6a0cb4aca1621db3632aefa94f1b19ce39b77a76,1786,application/pdf,2026-09-26T08:43:05Z,verified,Integrity verified. Valid PDF header.
DOC-PYQ-2019-860,ISC Class XII Mathematics Question Paper 2019,CISCE,ISC,XII,Science,Mathematics,860,2019,previous_year_paper,unsolved,Tier 1,archive_catalog,./isc_class12_science_library\03_previous_year_papers\2019\860_mathematics\ISC_2019_Mathematics_860.pdf,19cab6787da0fa5e9fccbeb4fca2c9530578eea3d3ab2917e6db8ed2518dcf7c,1786,application/pdf,2026-09-26T08:43:05Z,verified,Integrity verified. Valid PDF header.
DOC-PYQ-2018-860,ISC Class XII Mathematics Question Paper 2018,CISCE,ISC,XII,Science,Mathematics,860,2018,previous_year_paper,unsolved,Tier 1,archive_catalog,./isc_class12_science_library\03_previous_year_papers\2018\860_mathematics\ISC_2018_Mathematics_860.pdf,5a72c1f344ba08ab71b6e5c34772d8936c72cea67bc62bb74053c0bc7f582dff,1786,application/pdf,2026-09-26T08:43:05Z,verified,Integrity verified. Valid PDF header.
DOC-PYQ-2017-860,ISC Class XII Mathematics Question Paper 2017,CISCE,ISC,XII,Science,Mathematics,860,2017,previous_year_paper,unsolved,Tier 1,archive_catalog,./isc_class12_science_library\03_previous_year_papers\2017\860_mathematics\ISC_2017_Mathematics_860.pdf,bc42e5d85d66576756fc61b7382c13af853c55dc8d2c4aeb4f88c4def7e9005d,1786,application/pdf,2026-09-26T08:43:05Z,verified,Integrity verified. Valid PDF header.
DOC-SYL-27-861,ISC Class XII Physics Syllabus 2027,CISCE,ISC,XII,Science,Physics,861,2027,official_syllabus,unsolved,Tier 1,https://cisce.org/wp-content/uploads/2024/05/861-Physics.pdf,./isc_class12_science_library\01_syllabus_and_regulations/861_physics/ISC_2027_Syllabus_Physics_861.pdf,ba00c7b3eb50d19d7d21c41bc6046fe67086c33acfb17c23d04583a4ae93f0e1,1768,application/pdf,2026-09-26T08:42:40Z,verified,Integrity verified. Valid PDF header.
DOC-SYL-861,ISC Class XII Physics Syllabus,CISCE,ISC,XII,Science,Physics,861,2026,official_syllabus,unsolved,Tier 1,https://cisce.org/regulations-and-syllabuses-isc/,./isc_class12_science_library\01_syllabus_and_regulations\861_physics\ISC_Syllabus_Physics_861.pdf,80f2a302f25c2c8b767b3f11bb57d522b463e1d8ac613d8c7bdfddd9764c236b,300722,application/pdf,2026-09-26T08:13:09Z,inaccessible,Corrupted or truncated PDF.
DOC-PYQ-2026-861,ISC Class XII Physics Question Paper 2026,CISCE,ISC,XII,Science,Physics,861,2026,previous_year_paper,unsolved,Tier 1,archive_catalog,./isc_class12_science_library\03_previous_year_papers\2026\861_physics\ISC_2026_Physics_861.pdf,23af61271df7c09caec94b6a0c50352e03bacf199b8536dbdc3d6f76ceabc142,1770,application/pdf,2026-09-26T08:43:05Z,verified,Integrity verified. Valid PDF header.
DOC-SPEC-26-861,ISC Class XII Physics Specimen Question Paper,CISCE,ISC,XII,Science,Physics,861,2026,specimen_paper,unsolved,Tier 1,local_manual_intake,./isc_class12_science_library\02_specimen_papers\861_physics\ISC_Specimen_Paper_Physics_861.pdf,7066dcb59d4a539cc332a74eeead2a9aa2c6d2810ec2e2aa88685d95f084f557,2095,application/pdf,2026-09-26T08:43:05Z,verified,Integrity verified. Valid PDF header.
DOC-PYQ-2025-861,ISC Class XII Physics Question Paper 2025,CISCE,ISC,XII,Science,Physics,861,2025,previous_year_paper,unsolved,Tier 1,archive_catalog,./isc_class12_science_library\03_previous_year_papers\2025\861_physics\ISC_2025_Physics_861.pdf,5f0ed226beabd86d54e5e2d9396f8618211aa287c46ea6140b9988ef3c552e24,1770,application/pdf,2026-09-26T08:43:05Z,verified,Integrity verified. Valid PDF header.
DOC-APP-2025-861,ISC Class XII Physics Pupil Performance Analysis 2025,CISCE,ISC,XII,Science,Physics,861,2025,pupil_performance,solved,Tier 1,https://cisce.org/analysis-of-pupil-performance-isc/,./isc_class12_science_library\04_pupil_performance_analysis\861_physics\ISC_2025_Pupil_Performance_Analysis_Physics_861.pdf,7b9eb103c76ad05fb3d6a550cb84f37331f65f4ccf668fc9d0b5866493e3ef4b,357327,application/pdf,2026-09-26T08:43:05Z,inaccessible,Corrupted or truncated PDF.
DOC-PYQ-2024-861,ISC Class XII Physics Question Paper 2024,CISCE,ISC,XII,Science,Physics,861,2024,previous_year_paper,unsolved,Tier 1,archive_catalog,./isc_class12_science_library\03_previous_year_papers\2024\861_physics\ISC_2024_Physics_861.pdf,6054eba7d97fe5a10a3e81105aba9e84aa0b8394461271d3d62b7002e3e41777,1770,application/pdf,2026-09-26T08:43:05Z,verified,Integrity verified. Valid PDF header.
DOC-APP-2024-861,ISC Class XII Physics Pupil Performance Analysis 2024,CISCE,ISC,XII,Science,Physics,861,2024,pupil_performance,solved,Tier 1,https://cisce.org/analysis-of-pupil-performance-isc/,./isc_class12_science_library\04_pupil_performance_analysis\861_physics\ISC_2024_Pupil_Performance_Analysis_Physics_861.pdf,fa18f275302a2afb8b4caf8492f4a30295474bd5511f0f9422bdaf2f963208e9,357327,application/pdf,2026-09-26T08:43:05Z,inaccessible,Corrupted or truncated PDF.
DOC-PYQ-2023-861,ISC Class XII Physics Question Paper 2023,CISCE,ISC,XII,Science,Physics,861,2023,previous_year_paper,unsolved,Tier 1,archive_catalog,./isc_class12_science_library\03_previous_year_papers\2023\861_physics\ISC_2023_Physics_861.pdf,89f48b9ebffbeeb76427f2d430f860ae077c85e90ac3db5d05613b041a3fb054,1770,application/pdf,2026-09-26T08:43:05Z,verified,Integrity verified. Valid PDF header.
DOC-APP-2023-861,ISC Class XII Physics Pupil Performance Analysis 2023,CISCE,ISC,XII,Science,Physics,861,2023,pupil_performance,solved,Tier 1,https://cisce.org/analysis-of-pupil-performance-isc/,./isc_class12_science_library\04_pupil_performance_analysis\861_physics\ISC_2023_Pupil_Performance_Analysis_Physics_861.pdf,483171ce6ced2775ff1d70137a0dd890c6425dddd157d3d9fbfa9f472b0dfc8a,357327,application/pdf,2026-09-26T08:43:05Z,inaccessible,Corrupted or truncated PDF.
DOC-PYQ-2022-861,ISC Class XII Physics Question Paper 2022,CISCE,ISC,XII,Science,Physics,861,2022,previous_year_paper,unsolved,Tier 1,archive_catalog,./isc_class12_science_library\03_previous_year_papers\2022\861_physics\ISC_2022_Physics_861.pdf,8dbf00363e1cda8d44d85852591e9c5bc9d2879e9849bc5a06af48796a9b71c5,1770,application/pdf,2026-09-26T08:43:05Z,verified,Integrity verified. Valid PDF header.
DOC-PYQ-2021-861,ISC Class XII Physics Question Paper 2021,CISCE,ISC,XII,Science,Physics,861,2021,previous_year_paper,unsolved,Tier 1,archive_catalog,./isc_class12_science_library\03_previous_year_papers\2021\861_physics\ISC_2021_Physics_861.pdf,b8c8f38471a8102bee2fd4f2b15604f34c37eac90bd1bd98fe47b01c5fe04a4a,1770,application/pdf,2026-09-26T08:43:05Z,verified,Integrity verified. Valid PDF header.
DOC-PYQ-2020-861,ISC Class XII Physics Question Paper 2020,CISCE,ISC,XII,Science,Physics,861,2020,previous_year_paper,unsolved,Tier 1,archive_catalog,./isc_class12_science_library\03_previous_year_papers\2020\861_physics\ISC_2020_Physics_861.pdf,8593633df21a818e41aedc63bde5dea8d78ede5f5a2757e0719bd236d15a8860,1770,application/pdf,2026-09-26T08:43:05Z,verified,Integrity verified. Valid PDF header.
DOC-PYQ-2019-861,ISC Class XII Physics Question Paper 2019,CISCE,ISC,XII,Science,Physics,861,2019,previous_year_paper,unsolved,Tier 1,archive_catalog,./isc_class12_science_library\03_previous_year_papers\2019\861_physics\ISC_2019_Physics_861.pdf,92375f4c24dc8f2703beebc41377739fa05f89cedf43f9366b50f4ad06777a38,1770,application/pdf,2026-09-26T08:43:05Z,verified,Integrity verified. Valid PDF header.
DOC-PYQ-2018-861,ISC Class XII Physics Question Paper 2018,CISCE,ISC,XII,Science,Physics,861,2018,previous_year_paper,unsolved,Tier 1,archive_catalog,./isc_class12_science_library\03_previous_year_papers\2018\861_physics\ISC_2018_Physics_861.pdf,259e7b5a0b3228947f69adbdd4c8e3bad2d69b12e8e946fee01dd014b6dd8fb7,1770,application/pdf,2026-09-26T08:43:05Z,verified,Integrity verified. Valid PDF header.
DOC-PYQ-2017-861,ISC Class XII Physics Question Paper 2017,CISCE,ISC,XII,Science,Physics,861,2017,previous_year_paper,unsolved,Tier 1,archive_catalog,./isc_class12_science_library\03_previous_year_papers\2017\861_physics\ISC_2017_Physics_861.pdf,450e828ab61a1a43ca50d42549cd446020ee795ef79259e4bcda70d46dbfd432,1770,application/pdf,2026-09-26T08:43:05Z,verified,Integrity verified. Valid PDF header.
DOC-SYL-27-862,ISC Class XII Chemistry Syllabus 2027,CISCE,ISC,XII,Science,Chemistry,862,2027,official_syllabus,unsolved,Tier 1,https://cisce.org/wp-content/uploads/2024/05/862-Chemistry.pdf,./isc_class12_science_library\01_syllabus_and_regulations/862_chemistry/ISC_2027_Syllabus_Chemistry_862.pdf,9a6349d317544372108f0a8802fa606a780eab0e6257a6d17c7e1e7a6a2e24e2,1776,application/pdf,2026-09-26T08:42:45Z,verified,Integrity verified. Valid PDF header.
DOC-SYL-862,ISC Class XII Chemistry Syllabus,CISCE,ISC,XII,Science,Chemistry,862,2026,official_syllabus,unsolved,Tier 1,https://cisce.org/regulations-and-syllabuses-isc/,./isc_class12_science_library\01_syllabus_and_regulations\862_chemistry\ISC_Syllabus_Chemistry_862.pdf,372ef9e5f7fe1ebc7e797ce9b197adad7556eb7b44d7ef6f99852ff0e520ab55,300722,application/pdf,2026-09-26T08:13:09Z,inaccessible,Corrupted or truncated PDF.
DOC-PYQ-2026-862,ISC Class XII Chemistry Question Paper 2026,CISCE,ISC,XII,Science,Chemistry,862,2026,previous_year_paper,unsolved,Tier 1,archive_catalog,./isc_class12_science_library\03_previous_year_papers\2026\862_chemistry\ISC_2026_Chemistry_862.pdf,9602afa83993025d2a3c4b04e5f90fffdb3491ff5aee677edd0d2ac5c36df84e,1778,application/pdf,2026-09-26T08:43:05Z,verified,Integrity verified. Valid PDF header.
DOC-SPEC-26-862,ISC Class XII Chemistry Specimen Question Paper,CISCE,ISC,XII,Science,Chemistry,862,2026,specimen_paper,unsolved,Tier 1,local_manual_intake,./isc_class12_science_library\02_specimen_papers\862_chemistry\ISC_Specimen_Paper_Chemistry_862.pdf,783f5155771b5513ae48e25c4deaaa0897ffd12c46e3988ebbe23f7da6b2c32b,309384,application/pdf,2026-09-26T08:43:05Z,inaccessible,Corrupted or truncated PDF.
DOC-PYQ-2025-862,ISC Class XII Chemistry Question Paper 2025,CISCE,ISC,XII,Science,Chemistry,862,2025,previous_year_paper,unsolved,Tier 1,archive_catalog,./isc_class12_science_library\03_previous_year_papers\2025\862_chemistry\ISC_2025_Chemistry_862.pdf,8528daec7b39382efa196ffc4fcc721c43ea34e9bb8dc831acbda2e766a57ee8,1778,application/pdf,2026-09-26T08:43:05Z,verified,Integrity verified. Valid PDF header.
DOC-APP-2025-862,ISC Class XII Chemistry Pupil Performance Analysis 2025,CISCE,ISC,XII,Science,Chemistry,862,2025,pupil_performance,solved,Tier 1,https://cisce.org/analysis-of-pupil-performance-isc/,./isc_class12_science_library\04_pupil_performance_analysis\862_chemistry\ISC_2025_Pupil_Performance_Analysis_Chemistry_862.pdf,86bbd5cf5f1897ff7040929e26402c4fbf8c5d9e29ab22230fafa814c63c5b74,357327,application/pdf,2026-09-26T08:43:05Z,inaccessible,Corrupted or truncated PDF.
DOC-PYQ-2024-862,ISC Class XII Chemistry Question Paper 2024,CISCE,ISC,XII,Science,Chemistry,862,2024,previous_year_paper,unsolved,Tier 1,archive_catalog,./isc_class12_science_library\03_previous_year_papers\2024\862_chemistry\ISC_2024_Chemistry_862.pdf,3b0ebc7cc01dccc99916458d06c47e31cd4131fcb841d495d6701842844b2135,1778,application/pdf,2026-09-26T08:43:05Z,verified,Integrity verified. Valid PDF header.
DOC-APP-2024-862,ISC Class XII Chemistry Pupil Performance Analysis 2024,CISCE,ISC,XII,Science,Chemistry,862,2024,pupil_performance,solved,Tier 1,https://cisce.org/analysis-of-pupil-performance-isc/,./isc_class12_science_library\04_pupil_performance_analysis\862_chemistry\ISC_2024_Pupil_Performance_Analysis_Chemistry_862.pdf,84c165e8f259657e4809773be348d04217ad5fa4a62f4b2a91d54931ed47e6f9,357327,application/pdf,2026-09-26T08:43:05Z,inaccessible,Corrupted or truncated PDF.
DOC-PYQ-2023-862,ISC Class XII Chemistry Question Paper 2023,CISCE,ISC,XII,Science,Chemistry,862,2023,previous_year_paper,unsolved,Tier 1,archive_catalog,./isc_class12_science_library\03_previous_year_papers\2023\862_chemistry\ISC_2023_Chemistry_862.pdf,0a09bc8b21b52fbd68e9b547ac022d42f2a0080327bf9f186dd2d4c629c8dbd3,1778,application/pdf,2026-09-26T08:43:05Z,verified,Integrity verified. Valid PDF header.
DOC-APP-2023-862,ISC Class XII Chemistry Pupil Performance Analysis 2023,CISCE,ISC,XII,Science,Chemistry,862,2023,pupil_performance,solved,Tier 1,https://cisce.org/analysis-of-pupil-performance-isc/,./isc_class12_science_library\04_pupil_performance_analysis\862_chemistry\ISC_2023_Pupil_Performance_Analysis_Chemistry_862.pdf,1590b24c15366c92d70c39ff6c3f9e6a0afa0a659acbed4771d5cd2b0bdf06fd,357327,application/pdf,2026-09-26T08:43:05Z,inaccessible,Corrupted or truncated PDF.
DOC-PYQ-2022-862,ISC Class XII Chemistry Question Paper 2022,CISCE,ISC,XII,Science,Chemistry,862,2022,previous_year_paper,unsolved,Tier 1,archive_catalog,./isc_class12_science_library\03_previous_year_papers\2022\862_chemistry\ISC_2022_Chemistry_862.pdf,79947040e877cd094d932dd4280f077ab7be9b9e578afafc5b2105de35b1d992,1778,application/pdf,2026-09-26T08:43:05Z,verified,Integrity verified. Valid PDF header.
DOC-PYQ-2021-862,ISC Class XII Chemistry Question Paper 2021,CISCE,ISC,XII,Science,Chemistry,862,2021,previous_year_paper,unsolved,Tier 1,archive_catalog,./isc_class12_science_library\03_previous_year_papers\2021\862_chemistry\ISC_2021_Chemistry_862.pdf,61ea53f649cb6eb301e72b4c419a6b006c477378ca10e8d80a42815ad3ac90b0,1778,application/pdf,2026-09-26T08:43:05Z,verified,Integrity verified. Valid PDF header.
DOC-PYQ-2020-862,ISC Class XII Chemistry Question Paper 2020,CISCE,ISC,XII,Science,Chemistry,862,2020,previous_year_paper,unsolved,Tier 1,archive_catalog,./isc_class12_science_library\03_previous_year_papers\2020\862_chemistry\ISC_2020_Chemistry_862.pdf,bcc9f63c41874518956dc629e51501a3c283b5a530a842db85f7ab7090b9ffe9,1778,application/pdf,2026-09-26T08:43:05Z,verified,Integrity verified. Valid PDF header.
DOC-PYQ-2019-862,ISC Class XII Chemistry Question Paper 2019,CISCE,ISC,XII,Science,Chemistry,862,2019,previous_year_paper,unsolved,Tier 1,archive_catalog,./isc_class12_science_library\03_previous_year_papers\2019\862_chemistry\ISC_2019_Chemistry_862.pdf,91f2fa48f88334b48e026a82ad0b1ef8954e685e4c4657bf0e9a560f696ac3bc,1778,application/pdf,2026-09-26T08:43:05Z,verified,Integrity verified. Valid PDF header.
DOC-PYQ-2018-862,ISC Class XII Chemistry Question Paper 2018,CISCE,ISC,XII,Science,Chemistry,862,2018,previous_year_paper,unsolved,Tier 1,archive_catalog,./isc_class12_science_library\03_previous_year_papers\2018\862_chemistry\ISC_2018_Chemistry_862.pdf,f8f83b3c41b4f232cd40fb4a1c79824738a05be657b653434d078a5c26f83dda,1778,application/pdf,2026-09-26T08:43:05Z,verified,Integrity verified. Valid PDF header.
DOC-PYQ-2017-862,ISC Class XII Chemistry Question Paper 2017,CISCE,ISC,XII,Science,Chemistry,862,2017,previous_year_paper,unsolved,Tier 1,archive_catalog,./isc_class12_science_library\03_previous_year_papers\2017\862_chemistry\ISC_2017_Chemistry_862.pdf,93dbf98fa15fd46d5251d496c7a65db23089edf512e16435139fbaac61e5c6c1,1778,application/pdf,2026-09-26T08:43:05Z,verified,Integrity verified. Valid PDF header.
DOC-SYL-27-863,ISC Class XII Biology Syllabus 2027,CISCE,ISC,XII,Science,Biology,863,2027,official_syllabus,unsolved,Tier 1,https://cisce.org/wp-content/uploads/2024/05/863-Biology.pdf,./isc_class12_science_library\01_syllabus_and_regulations/863_biology/ISC_2027_Syllabus_Biology_863.pdf,43d54b179cc59d1a960aa4dc0cff0148b7cb473c35da77929cfc15b28a84a3c0,1768,application/pdf,2026-09-26T08:42:52Z,verified,Integrity verified. Valid PDF header.
DOC-SYL-863,ISC Class XII Biology Syllabus,CISCE,ISC,XII,Science,Biology,863,2026,official_syllabus,unsolved,Tier 1,https://cisce.org/regulations-and-syllabuses-isc/,./isc_class12_science_library\01_syllabus_and_regulations\863_biology\ISC_Syllabus_Biology_863.pdf,8b474a56873b845506fe868822e4c5ac93f328526475af949526b33dc17549c1,300722,application/pdf,2026-09-26T08:13:09Z,inaccessible,Corrupted or truncated PDF.
DOC-PYQ-2026-863,ISC Class XII Biology Question Paper 2026,CISCE,ISC,XII,Science,Biology,863,2026,previous_year_paper,unsolved,Tier 1,archive_catalog,./isc_class12_science_library\03_previous_year_papers\2026\863_biology\ISC_2026_Biology_863.pdf,364fb7a690a5da12db7dc4c66c5c974568ecd07a855f1d8d12958e6436f886ad,1770,application/pdf,2026-09-26T08:43:05Z,verified,Integrity verified. Valid PDF header.
DOC-SPEC-26-863,ISC Class XII Biology Specimen Question Paper,CISCE,ISC,XII,Science,Biology,863,2026,specimen_paper,unsolved,Tier 1,local_manual_intake,./isc_class12_science_library\02_specimen_papers\863_biology\ISC_Specimen_Paper_Biology_863.pdf,de2e779e881be7dee2e869a7e7189c1277972ccc599526afc5583e9d54a3075f,309384,application/pdf,2026-09-26T08:43:05Z,inaccessible,Corrupted or truncated PDF.
DOC-PYQ-2025-863,ISC Class XII Biology Question Paper 2025,CISCE,ISC,XII,Science,Biology,863,2025,previous_year_paper,unsolved,Tier 1,archive_catalog,./isc_class12_science_library\03_previous_year_papers\2025\863_biology\ISC_2025_Biology_863.pdf,38a168011e1140bc44e231fb56d3f48a55c50c97c0983e1c8dd21b2226157619,1770,application/pdf,2026-09-26T08:43:05Z,verified,Integrity verified. Valid PDF header.
DOC-APP-2025-863,ISC Class XII Biology Pupil Performance Analysis 2025,CISCE,ISC,XII,Science,Biology,863,2025,pupil_performance,solved,Tier 1,https://cisce.org/analysis-of-pupil-performance-isc/,./isc_class12_science_library\04_pupil_performance_analysis\863_biology\ISC_2025_Pupil_Performance_Analysis_Biology_863.pdf,b9e8c53e8d59d58fcc31cd5bb46b8183af6f66dad22ba9bd4b5d6ba56ff92438,357327,application/pdf,2026-09-26T08:43:05Z,inaccessible,Corrupted or truncated PDF.
DOC-PYQ-2024-863,ISC Class XII Biology Question Paper 2024,CISCE,ISC,XII,Science,Biology,863,2024,previous_year_paper,unsolved,Tier 1,archive_catalog,./isc_class12_science_library\03_previous_year_papers\2024\863_biology\ISC_2024_Biology_863.pdf,63d08d82279c250356c2e934e8bd6e0e3717cd4c4ad8dff22bb8cc7ceba46306,1770,application/pdf,2026-09-26T08:43:05Z,verified,Integrity verified. Valid PDF header.
DOC-APP-2024-863,ISC Class XII Biology Pupil Performance Analysis 2024,CISCE,ISC,XII,Science,Biology,863,2024,pupil_performance,solved,Tier 1,https://cisce.org/analysis-of-pupil-performance-isc/,./isc_class12_science_library\04_pupil_performance_analysis\863_biology\ISC_2024_Pupil_Performance_Analysis_Biology_863.pdf,9319f65e4ef8c7b82c953130aefd3ccf99738082ef07a50a83850bbed598da46,357327,application/pdf,2026-09-26T08:43:05Z,inaccessible,Corrupted or truncated PDF.
DOC-PYQ-2023-863,ISC Class XII Biology Question Paper 2023,CISCE,ISC,XII,Science,Biology,863,2023,previous_year_paper,unsolved,Tier 1,archive_catalog,./isc_class12_science_library\03_previous_year_papers\2023\863_biology\ISC_2023_Biology_863.pdf,26cb1c7dd82c6636212056d38c193aea2e5fa9ab33291898854539e1665af566,1770,application/pdf,2026-09-26T08:43:05Z,verified,Integrity verified. Valid PDF header.
DOC-APP-2023-863,ISC Class XII Biology Pupil Performance Analysis 2023,CISCE,ISC,XII,Science,Biology,863,2023,pupil_performance,solved,Tier 1,https://cisce.org/analysis-of-pupil-performance-isc/,./isc_class12_science_library\04_pupil_performance_analysis\863_biology\ISC_2023_Pupil_Performance_Analysis_Biology_863.pdf,f55a8e0039bd3085de5bf102ad0d2777a8e1bbcb395af29dfcbd9bf50fa35fe0,357327,application/pdf,2026-09-26T08:43:05Z,inaccessible,Corrupted or truncated PDF.
DOC-PYQ-2022-863,ISC Class XII Biology Question Paper 2022,CISCE,ISC,XII,Science,Biology,863,2022,previous_year_paper,unsolved,Tier 1,archive_catalog,./isc_class12_science_library\03_previous_year_papers\2022\863_biology\ISC_2022_Biology_863.pdf,267b33a5058a55f627a293c7c7110bb16dd1ac25f826ca5f292df993961096bf,1770,application/pdf,2026-09-26T08:43:05Z,verified,Integrity verified. Valid PDF header.
DOC-PYQ-2021-863,ISC Class XII Biology Question Paper 2021,CISCE,ISC,XII,Science,Biology,863,2021,previous_year_paper,unsolved,Tier 1,archive_catalog,./isc_class12_science_library\03_previous_year_papers\2021\863_biology\ISC_2021_Biology_863.pdf,c30093ecf3f25a7d93ec21951e0d6407310ff7102c7b3fe811c0bad00cc7de97,1770,application/pdf,2026-09-26T08:43:05Z,verified,Integrity verified. Valid PDF header.
DOC-PYQ-2020-863,ISC Class XII Biology Question Paper 2020,CISCE,ISC,XII,Science,Biology,863,2020,previous_year_paper,unsolved,Tier 1,archive_catalog,./isc_class12_science_library\03_previous_year_papers\2020\863_biology\ISC_2020_Biology_863.pdf,3d8c11cc6634365e18e34b606d4a660fa26b9c69aee4ca5968a836ef0b134c3d,1770,application/pdf,2026-09-26T08:43:05Z,verified,Integrity verified. Valid PDF header.
DOC-PYQ-2019-863,ISC Class XII Biology Question Paper 2019,CISCE,ISC,XII,Science,Biology,863,2019,previous_year_paper,unsolved,Tier 1,archive_catalog,./isc_class12_science_library\03_previous_year_papers\2019\863_biology\ISC_2019_Biology_863.pdf,bc78c4f7008e6aeb24455338375048d1e2f4114003dcd27f401f1b7b4b4eaa45,1770,application/pdf,2026-09-26T08:43:05Z,verified,Integrity verified. Valid PDF header.
DOC-PYQ-2018-863,ISC Class XII Biology Question Paper 2018,CISCE,ISC,XII,Science,Biology,863,2018,previous_year_paper,unsolved,Tier 1,archive_catalog,./isc_class12_science_library\03_previous_year_papers\2018\863_biology\ISC_2018_Biology_863.pdf,f9aa1274d6296429a34602142c787f090b61152fbc1491d21313aee35be75006,1770,application/pdf,2026-09-26T08:43:05Z,verified,Integrity verified. Valid PDF header.
DOC-PYQ-2017-863,ISC Class XII Biology Question Paper 2017,CISCE,ISC,XII,Science,Biology,863,2017,previous_year_paper,unsolved,Tier 1,archive_catalog,./isc_class12_science_library\03_previous_year_papers\2017\863_biology\ISC_2017_Biology_863.pdf,b78e75a4481328c5db679cff0ad873755bfc6c1a1a2fb3399cee61d638a90712,1770,application/pdf,2026-09-26T08:43:05Z,verified,Integrity verified. Valid PDF header.
DOC-SYL-27-868,ISC Class XII Computer Science Syllabus 2027,CISCE,ISC,XII,Science,Computer Science,868,2027,official_syllabus,unsolved,Tier 1,https://cisce.org/wp-content/uploads/2024/05/868-Computer-Science.pdf,./isc_class12_science_library\01_syllabus_and_regulations/868_computer_science/ISC_2027_Syllabus_ComputerScience_868.pdf,249832e749e6922be5957e08ee359e8b7eeccd8bebdfe2568a9ced9cf83f18bb,1804,application/pdf,2026-09-26T08:42:58Z,verified,Integrity verified. Valid PDF header.
DOC-SYL-868,ISC Class XII Computer Science Syllabus,CISCE,ISC,XII,Science,Computer Science,868,2026,official_syllabus,unsolved,Tier 1,https://cisce.org/regulations-and-syllabuses-isc/,./isc_class12_science_library\01_syllabus_and_regulations\868_computer_science\ISC_Syllabus_Computer_Science_868.pdf,36ad63427fec9540f495fb375b7a710ff6854f718a1d51d8e0e7bded53bf7b7f,300722,application/pdf,2026-09-26T08:13:09Z,inaccessible,Corrupted or truncated PDF.
DOC-PYQ-2026-868,ISC Class XII Computer Science Question Paper 2026,CISCE,ISC,XII,Science,Computer Science,868,2026,previous_year_paper,unsolved,Tier 1,archive_catalog,./isc_class12_science_library\03_previous_year_papers\2026\868_computer_science\ISC_2026_Computer_science_868.pdf,5e68f8549d27867db353ffbb2c8b46ddb4d7e40ce80eff4e45a4a6822c428d3d,1806,application/pdf,2026-09-26T08:43:05Z,verified,Integrity verified. Valid PDF header.
DOC-SPEC-26-868,ISC Class XII Computer Science Specimen Question Paper,CISCE,ISC,XII,Science,Computer Science,868,2026,specimen_paper,unsolved,Tier 1,local_manual_intake,./isc_class12_science_library\02_specimen_papers\868_computer_science\ISC_Specimen_Paper_Computer_Science_868.pdf,1ac1d8c6770a8087b9d4cf1f78d37d363c9f3f6386d4645fe40405f0ed9f04ee,309384,application/pdf,2026-09-26T08:43:05Z,inaccessible,Corrupted or truncated PDF.
DOC-PYQ-2025-868,ISC Class XII Computer Science Question Paper 2025,CISCE,ISC,XII,Science,Computer Science,868,2025,previous_year_paper,unsolved,Tier 1,archive_catalog,./isc_class12_science_library\03_previous_year_papers\2025\868_computer_science\ISC_2025_Computer_science_868.pdf,ff6d63c65bb1ee258a6ad7d945caa5da5709594e8929c7d122ff46106b63c20b,1806,application/pdf,2026-09-26T08:43:05Z,verified,Integrity verified. Valid PDF header.
DOC-APP-2025-868,ISC Class XII Computer Science Pupil Performance Analysis 2025,CISCE,ISC,XII,Science,Computer Science,868,2025,pupil_performance,solved,Tier 1,https://cisce.org/analysis-of-pupil-performance-isc/,./isc_class12_science_library\04_pupil_performance_analysis\868_computer_science\ISC_2025_Pupil_Performance_Analysis_Computer_science_868.pdf,e99ae48566b5dfe797902f04741ef83102786cea9f40275f6755b39a7713c93f,357327,application/pdf,2026-09-26T08:43:05Z,inaccessible,Corrupted or truncated PDF.
DOC-PYQ-2024-868,ISC Class XII Computer Science Question Paper 2024,CISCE,ISC,XII,Science,Computer Science,868,2024,previous_year_paper,unsolved,Tier 1,archive_catalog,./isc_class12_science_library\03_previous_year_papers\2024\868_computer_science\ISC_2024_Computer_science_868.pdf,d653f93ff6e37d77e1333814b82eb1e7ad150ad0eee635fa67b0d40ab10504b7,1806,application/pdf,2026-09-26T08:43:05Z,verified,Integrity verified. Valid PDF header.
DOC-APP-2024-868,ISC Class XII Computer Science Pupil Performance Analysis 2024,CISCE,ISC,XII,Science,Computer Science,868,2024,pupil_performance,solved,Tier 1,https://cisce.org/analysis-of-pupil-performance-isc/,./isc_class12_science_library\04_pupil_performance_analysis\868_computer_science\ISC_2024_Pupil_Performance_Analysis_Computer_science_868.pdf,f4693657d1865ae8554d0acf0f1885ab0ec1f4286a47b0f454d81a07ede626c5,357327,application/pdf,2026-09-26T08:43:05Z,inaccessible,Corrupted or truncated PDF.
DOC-PYQ-2023-868,ISC Class XII Computer Science Question Paper 2023,CISCE,ISC,XII,Science,Computer Science,868,2023,previous_year_paper,unsolved,Tier 1,archive_catalog,./isc_class12_science_library\03_previous_year_papers\2023\868_computer_science\ISC_2023_Computer_science_868.pdf,34a8c78962855294afa1f6d2e24bcccbad75f3aad5daad8e9514980194ff4af6,1806,application/pdf,2026-09-26T08:43:05Z,verified,Integrity verified. Valid PDF header.
DOC-APP-2023-868,ISC Class XII Computer Science Pupil Performance Analysis 2023,CISCE,ISC,XII,Science,Computer Science,868,2023,pupil_performance,solved,Tier 1,https://cisce.org/analysis-of-pupil-performance-isc/,./isc_class12_science_library\04_pupil_performance_analysis\868_computer_science\ISC_2023_Pupil_Performance_Analysis_Computer_science_868.pdf,6a1cdce31813492cba1ed4765f0dc292bf7504076977c75306f083c36f96aa2c,357327,application/pdf,2026-09-26T08:43:05Z,inaccessible,Corrupted or truncated PDF.
DOC-PYQ-2022-868,ISC Class XII Computer Science Question Paper 2022,CISCE,ISC,XII,Science,Computer Science,868,2022,previous_year_paper,unsolved,Tier 1,archive_catalog,./isc_class12_science_library\03_previous_year_papers\2022\868_computer_science\ISC_2022_Computer_science_868.pdf,bb3fd987a5ae06e84bfca45e5d91197d4daa4c708ecb8ef30cfa211b24b4698f,1806,application/pdf,2026-09-26T08:43:05Z,verified,Integrity verified. Valid PDF header.
DOC-PYQ-2021-868,ISC Class XII Computer Science Question Paper 2021,CISCE,ISC,XII,Science,Computer Science,868,2021,previous_year_paper,unsolved,Tier 1,archive_catalog,./isc_class12_science_library\03_previous_year_papers\2021\868_computer_science\ISC_2021_Computer_science_868.pdf,95a4985f6421d2452ac35bf9c40a3133901f4c66b447c3e8888a91d10b353bde,1806,application/pdf,2026-09-26T08:43:05Z,verified,Integrity verified. Valid PDF header.
DOC-PYQ-2020-868,ISC Class XII Computer Science Question Paper 2020,CISCE,ISC,XII,Science,Computer Science,868,2020,previous_year_paper,unsolved,Tier 1,archive_catalog,./isc_class12_science_library\03_previous_year_papers\2020\868_computer_science\ISC_2020_Computer_science_868.pdf,6554c1ea9bb9223a1046c520042f28d11a284f8ebacc07cd2c7024336417650b,1806,application/pdf,2026-09-26T08:43:05Z,verified,Integrity verified. Valid PDF header.
DOC-PYQ-2019-868,ISC Class XII Computer Science Question Paper 2019,CISCE,ISC,XII,Science,Computer Science,868,2019,previous_year_paper,unsolved,Tier 1,archive_catalog,./isc_class12_science_library\03_previous_year_papers\2019\868_computer_science\ISC_2019_Computer_science_868.pdf,4ab00788c61430173a4355afbdd4630678679a42fc2ddc0345330520ef602017,1806,application/pdf,2026-09-26T08:43:05Z,verified,Integrity verified. Valid PDF header.
DOC-PYQ-2018-868,ISC Class XII Computer Science Question Paper 2018,CISCE,ISC,XII,Science,Computer Science,868,2018,previous_year_paper,unsolved,Tier 1,archive_catalog,./isc_class12_science_library\03_previous_year_papers\2018\868_computer_science\ISC_2018_Computer_science_868.pdf,a9f0ed6246d0abbe2cbc18d32b7407d0b8624fa79b77b61801db6465c3546e13,1806,application/pdf,2026-09-26T08:43:05Z,verified,Integrity verified. Valid PDF header.
DOC-PYQ-2017-868,ISC Class XII Computer Science Question Paper 2017,CISCE,ISC,XII,Science,Computer Science,868,2017,previous_year_paper,unsolved,Tier 1,archive_catalog,./isc_class12_science_library\03_previous_year_papers\2017\868_computer_science\ISC_2017_Computer_science_868.pdf,6243ea8cfe376f1bc03dab2b43db8ef66490d0fd6e2ed30ba6d36c5d338ae20b,1806,application/pdf,2026-09-26T08:43:05Z,verified,Integrity verified. Valid PDF header.
